{
    "imagenet_glide": {
        "ai": {
            "precision": 0.8097560975609757,
            "recall": 0.996,
            "f1-score": 0.8932735426008969,
            "support": 500
        },
        "nature": {
            "precision": 0.9948051948051948,
            "recall": 0.766,
            "f1-score": 0.8655367231638419,
            "support": 500
        },
        "accuracy": 0.881,
        "macro avg": {
            "precision": 0.9022806461830852,
            "recall": 0.881,
            "f1-score": 0.8794051328823693,
            "support": 1000
        },
        "weighted avg": {
            "precision": 0.9022806461830853,
            "recall": 0.881,
            "f1-score": 0.8794051328823693,
            "support": 1000
        }
    },
    "imagenet_midjourney": {
        "ai": {
            "precision": 0.7873134328358209,
            "recall": 0.844,
            "f1-score": 0.8146718146718146,
            "support": 500
        },
        "nature": {
            "precision": 0.8318965517241379,
            "recall": 0.772,
            "f1-score": 0.8008298755186722,
            "support": 500
        },
        "accuracy": 0.808,
        "macro avg": {
            "precision": 0.8096049922799794,
            "recall": 0.808,
            "f1-score": 0.8077508450952434,
            "support": 1000
        },
        "weighted avg": {
            "precision": 0.8096049922799794,
            "recall": 0.808,
            "f1-score": 0.8077508450952434,
            "support": 1000
        }
    },
    "imagenet_ai_0508_adm": {
        "ai": {
            "precision": 0.8245033112582781,
            "recall": 0.996,
            "f1-score": 0.9021739130434783,
            "support": 500
        },
        "nature": {
            "precision": 0.9949494949494949,
            "recall": 0.788,
            "f1-score": 0.8794642857142857,
            "support": 500
        },
        "accuracy": 0.892,
        "macro avg": {
            "precision": 0.9097264031038865,
            "recall": 0.892,
            "f1-score": 0.890819099378882,
            "support": 1000
        },
        "weighted avg": {
            "precision": 0.9097264031038864,
            "recall": 0.892,
            "f1-score": 0.8908190993788819,
            "support": 1000
        }
    },
    "imagenet_ai_0419_biggan": {
        "ai": {
            "precision": 0.8291873963515755,
            "recall": 1.0,
            "f1-score": 0.9066183136899365,
            "support": 500
        },
        "nature": {
            "precision": 1.0,
            "recall": 0.794,
            "f1-score": 0.8851727982162765,
            "support": 500
        },
        "accuracy": 0.897,
        "macro avg": {
            "precision": 0.9145936981757877,
            "recall": 0.897,
            "f1-score": 0.8958955559531065,
            "support": 1000
        },
        "weighted avg": {
            "precision": 0.9145936981757877,
            "recall": 0.897,
            "f1-score": 0.8958955559531065,
            "support": 1000
        }
    },
    "imagenet_ai_0424_wukong": {
        "ai": {
            "precision": 0.8141263940520446,
            "recall": 0.876,
            "f1-score": 0.8439306358381502,
            "support": 500
        },
        "nature": {
            "precision": 0.8658008658008658,
            "recall": 0.8,
            "f1-score": 0.8316008316008316,
            "support": 500
        },
        "accuracy": 0.838,
        "macro avg": {
            "precision": 0.8399636299264552,
            "recall": 0.8380000000000001,
            "f1-score": 0.8377657337194909,
            "support": 1000
        },
        "weighted avg": {
            "precision": 0.8399636299264552,
            "recall": 0.838,
            "f1-score": 0.837765733719491,
            "support": 1000
        }
    },
    "imagenet_ai_0424_sdv5": {
        "ai": {
            "precision": 0.8149466192170819,
            "recall": 0.916,
            "f1-score": 0.8625235404896422,
            "support": 500
        },
        "nature": {
            "precision": 0.9041095890410958,
            "recall": 0.792,
            "f1-score": 0.8443496801705758,
            "support": 500
        },
        "accuracy": 0.854,
        "macro avg": {
            "precision": 0.8595281041290889,
            "recall": 0.8540000000000001,
            "f1-score": 0.853436610330109,
            "support": 1000
        },
        "weighted avg": {
            "precision": 0.8595281041290889,
            "recall": 0.854,
            "f1-score": 0.853436610330109,
            "support": 1000
        }
    },
    "imagenet_ai_0419_vqdm": {
        "ai": {
            "precision": 0.8150406504065041,
            "recall": 0.802,
            "f1-score": 0.808467741935484,
            "support": 500
        },
        "nature": {
            "precision": 0.8051181102362205,
            "recall": 0.818,
            "f1-score": 0.8115079365079364,
            "support": 500
        },
        "accuracy": 0.81,
        "macro avg": {
            "precision": 0.8100793803213623,
            "recall": 0.81,
            "f1-score": 0.8099878392217101,
            "support": 1000
        },
        "weighted avg": {
            "precision": 0.8100793803213624,
            "recall": 0.81,
            "f1-score": 0.8099878392217101,
            "support": 1000
        }
    }
}